id,category,difficulty,quality,model,status,semantic_correct,format_correct,instruction_following,wall_time_seconds,input_tokens,output_tokens,tokens_per_second,time_to_first_token_seconds,model_load_time_seconds,response_text,error
extract_001,structured_extraction,easy,balanced,google/gemma-4-12b-qat,manual,,False,False,12.712,100,256,55.73813132996646,0.221492,7.887,"*   Input: An announcement text (""MAT186 students: Problem Set 2 is due Friday, September 18, 2026 at 11:59 PM Eastern Time. Submit through Quercus."")
    *   Task: Extract specific fields (course code, assignment name, due date, due time, timezone).
    *   Output Format: JSON only.
    *   Keys: `course`, `assignment`, `due_date`, `due_time`, `timezone`.

    *   Course code: ""MAT186""
    *   Assignment name: ""Problem Set 2""
    *   Due date: ""Friday, September 18, 2026"" (or just ""September 18, 2026"")
    *   Due time: ""11:59 PM""
    *   Timezone: ""Eastern Time""

    *   `course`: ""MAT186""
    *   `assignment`: ""Problem Set 2""
    *   `due_date`: ""September 18, 2026"" (Standardizing to date format is usually better, but",
extract_002,structured_extraction,easy,balanced,google/gemma-4-12b-qat,manual,,False,False,4.514,91,256,59.2949481866791,0.108289,,"*   Input: A receipt text containing customer name, order number, item count, subtotal, tax (HST), and total.
    *   Task: Extract specific fields (customer name, order number, item count, subtotal, tax, total).
    *   Constraint: Return *only* JSON.

    *   Customer: Amir Rahman
    *   Order #: A18492
    *   Items purchased: 4
    *   Subtotal: $82.50
    *   HST: $10.73
    *   Total paid: $93.23

    *   customer_name: ""Amir Rahman""
    *   order_number: ""A18492""
    *   item_count: 4 (integer)
    *   subtotal: 82.50 (float/number)
    *   tax: 10.73 (float/number)
    *   total: 93.23 (float/number)

    ```json
    {
      ""customer_name"": ""Amir Rahman"",
      ""order_number"": """,
extract_003,structured_extraction,medium,balanced,google/gemma-4-12b-qat,manual,,False,False,4.666,105,256,57.435161896207234,0.10780100000000001,,"*   Input: An incident report text.
    *   Task: Extract specific fields (error code, service name, affected user count, first occurrence time, resolved time).
    *   Constraint: Return JSON only.

    *   ""At 14:03, several users began reporting failed uploads."" -> First occurrence time: 14:03.
    *   ""The StorageProxy service logged error E_UPLOAD_17."" -> Service name: StorageProxy, Error code: E_UPLOAD_17.
    *   ""Monitoring showed 218 affected users."" -> Affected user count: 218.
    *   ""Service was fully restored at 14:41."" -> Resolved time: 14:41.

    *   error_code: ""E_UPLOAD_17""
    *   service_name: ""StorageProxy""
    *   affected_user_count: 218 (or ""218"")
    *   first_occurrence_time: ""14:03""
    *   resolved_time: ""14:41""

    ```json
    {",
extract_004,structured_extraction,medium,balanced,google/gemma-4-12b-qat,manual,,False,False,6.96,155,384,57.156245476374174,0.133251,,"*   Input: A text-based schedule of events with days, times, names, and rooms.
    *   Task: Extract events occurring on *Friday* only.
    *   Output Format: A JSON array of objects.
    *   Object Fields: `name`, `start`, `end`, `room`.

    *   Monday 09:00-10:00 Calculus Lecture, BA1170
    *   Wednesday 13:00-14:00 Chemistry Tutorial, WB130
    *   Friday 10:00-11:00 Programming Lecture, MY150
    *   Friday 12:00-13:00 Design Studio, SF1101
    *   Friday 15:00-16:00 Chemistry Lecture, MS2158

    *   Event 1: Friday 10:00-11:00 Programming Lecture, MY150
        *   Name: Programming Lecture
        *   Start: 10:00
        *   End: 11:00
        *   Room: MY150
    *   Event 2: Friday 12:00-13:00 Design Studio, SF1101
        *   Name: Design Studio
        *   Start: 12:00
        *   End: 13:00
        *   Room: SF1101
    *   Event 3: Friday 15:00-16:00 Chemistry Lecture, MS2158
        *   Name: Chemistry Lecture
        *   Start: 15:0",
extract_005,structured_extraction,hard,balanced,google/gemma-4-12b-qat,manual,,False,False,6.859,154,384,58.49828934506354,0.135239,,"*   Input: A history of configuration changes.
    *   Task: Extract the final configuration values.
    *   Constraint 1: Ignore superseded values.
    *   Constraint 2: Return JSON only.
    *   Constraint 3: Keys must be `port`, `context_length`, `ttl_seconds`, `authentication`, `cors`.

    *   *Initial port was 8000.* -> `port`: 8000
    *   *Context length started at 8192.* -> `context_length`: 8192
    *   *Authentication was disabled during testing.* -> `authentication`: ""disabled"" (or false, but usually ""disabled"" or ""enabled"" based on text)
    *   *Port was later changed from 8000 to 4812.* -> `port`: 4812 (supersedes 8000)
    *   *TTL was initially 120 seconds.* -> `ttl_seconds`: 120
    *   *Context length was increased to 16384.* -> `context_length`: 16384 (supersedes 8192)
    *   *CORS remained disabled throughout.* -> `cors`: ""disabled""
    *   *Authentication was enabled before deployment.* -> `authentication`: ""enabled"" (supersedes ""disabled"")
    *   *TTL was finally changed from 120 to 300 seconds.* -> `ttl_seconds`: 300 (supersedes 120)

    *   `port`: 4812
    *   `context_length`: 16384
    *   `ttl_seconds`: 3",
